INSERT INTO dealers (id, dealer_name, dealer_email, dealer_address) VALUES (1, '18 Autos', 'info@18autos.com','Tramore Road Co.Cork');
INSERT INTO dealers (id, dealer_name, dealer_email, dealer_address) VALUES (2, '2v Motor Sales', 'sales@2vmotors.ie','Kilreesk K67 R284 Co.Dublin');
INSERT INTO dealers (id, dealer_name, dealer_email, dealer_address) VALUES (3, 'Ace Autos', 'info@aceautos.com','JFK Industrial Estate Bluebell  Co. Dublin');
INSERT INTO dealers (id, dealer_name, dealer_email, dealer_address) VALUES (4, 'Beacon Motor Group', 'sales@beaconmotors.ie','Unit 5a Santry Hall Industrial Estate Swords Road D09 NX07 Co. Dublin');
INSERT INTO dealers (id, dealer_name, dealer_email, dealer_address) VALUES (5, 'Elite Autos', 'sales@eliteautos.ie','Horsevalley Headford H91 XA4X Co. Galway');
INSERT INTO dealers (id, dealer_name, dealer_email, dealer_address) VALUES (6, 'Freeman Motors', 'sales@freemanmotors.ie','Davis Road Clonmel Co. Tipperary');

INSERT INTO cars (id, car_make, car_model, car_year) VALUES (1, 'Volkswagen', 'Polo', 2014);
INSERT INTO cars (id, car_make, car_model, car_year) VALUES (2, 'Volkswagen', 'Golf', 2017);
INSERT INTO cars (id, car_make, car_model, car_year) VALUES (3, 'Audi', 'A4', 2016);
INSERT INTO cars (id, car_make, car_model, car_year) VALUES (4, 'Skoda', 'Rapid', 2020);
INSERT INTO cars (id, car_make, car_model, car_year)VALUES (5, 'Skoda', 'Kodiaq', 2015);
INSERT INTO cars (id, car_make, car_model, car_year) VALUES (6, 'Hyundai', 'i40', 2018);
INSERT INTO cars (id, car_make, car_model, car_year) VALUES (7, 'Hyundai', 'Tucson', 2017);
INSERT INTO cars (id, car_make, car_model, car_year) VALUES (8, 'Kia', 'Picanto', 2020);
INSERT INTO cars (id, car_make, car_model, car_year) VALUES (9, 'Opel', 'Corsa', 2016);
INSERT INTO cars (id, car_make, car_model, car_year) VALUES (10, 'Toyota', 'Corolla', 2010);
INSERT INTO cars (id, car_make, car_model, car_year) VALUES (11, 'Toyota', 'Yaris', 2004);
INSERT INTO cars (id, car_make, car_model, car_year) VALUES (12, 'Ford', 'Puma', 2008);
INSERT INTO cars (id, car_make, car_model, car_year) VALUES (13, 'Hyundai', 'Tucson', 2013);
INSERT INTO cars (id, car_make, car_model, car_year) VALUES (14, 'Volkswagen', 'Tiguan', 2017);
INSERT INTO cars (id, car_make, car_model, car_year) VALUES (15, 'Renault', 'Megane', 2009);
INSERT INTO cars (id, car_make, car_model, car_year) VALUES (16, 'Volkswagen', 'Polo',2018);
INSERT INTO cars (id, car_make, car_model, car_year) VALUES (17, 'Skoda', 'Rapid',2017);
INSERT INTO cars (id, car_make, car_model, car_year) VALUES (18, 'Hyundai', 'Tucson',2019);
INSERT INTO cars (id, car_make, car_model, car_year) VALUES (19, 'Opel', 'Corsa', 2016);
INSERT INTO cars (id, car_make, car_model, car_year) VALUES (20, 'Volkswagen', 'Polo',2019);
INSERT INTO cars (id, car_make, car_model, car_year) VALUES (21, 'Audi', 'A4', 2012);

INSERT INTO carsdealers (car_id,dealer_id) VALUES (1, 1);
INSERT INTO carsdealers (car_id,dealer_id)  VALUES (2, 5);
INSERT INTO carsdealers (car_id,dealer_id)  VALUES (3, 3);
INSERT INTO carsdealers (car_id,dealer_id) VALUES (4, 2);
INSERT INTO carsdealers (car_id,dealer_id)  VALUES (5, 6);
INSERT INTO carsdealers (car_id,dealer_id)  VALUES (6, 5);
INSERT INTO carsdealers (car_id,dealer_id)  VALUES (7, 4);
INSERT INTO carsdealers (car_id,dealer_id)  VALUES (8, 1);
INSERT INTO carsdealers (car_id,dealer_id)  VALUES (9, 6);
INSERT INTO carsdealers (car_id,dealer_id)  VALUES (10, 2);
INSERT INTO carsdealers (car_id,dealer_id) VALUES (11, 5);
INSERT INTO carsdealers (car_id,dealer_id)  VALUES (12, 5);
INSERT INTO carsdealers (car_id,dealer_id)  VALUES (13, 3);
INSERT INTO carsdealers (car_id,dealer_id) VALUES (14, 6);
INSERT INTO carsdealers (car_id,dealer_id)  VALUES (15, 1);
INSERT INTO carsdealers (car_id,dealer_id)  VALUES (16, 5);
INSERT INTO carsdealers (car_id,dealer_id)  VALUES (17, 4);
INSERT INTO carsdealers (car_id,dealer_id)  VALUES (18, 2);
INSERT INTO carsdealers (car_id,dealer_id)  VALUES (19, 6);
INSERT INTO carsdealers (car_id,dealer_id)  VALUES (20, 1);
INSERT INTO carsdealers (car_id,dealer_id) VALUES (21, 3);









